DIVISION,TEAM_NAME,SCHEDULE_LINK
Boys U9 Division 1,Cincinnati United CUSE 17B Arsenal,https://system.gotsport.com/org_event/events/43740/schedules?team=3224448
Boys U9 Division 1,Cincinnati United CUSM 17B AS Roma,https://system.gotsport.com/org_event/events/43740/schedules?team=3223438
Boys U9 Division 1,Lakota Futbol Club Lakota FC B17 Red,https://system.gotsport.com/org_event/events/43740/schedules?team=3189257
Boys U9 Division 1,Total Futbol Academy(OH) TFA B17 Elite,https://system.gotsport.com/org_event/events/43740/schedules?team=3217838
Boys U9 Division 1,Cincinnati United CULM 17B Aston Villa,https://system.gotsport.com/org_event/events/43740/schedules?team=3222949
Boys U9 Division 1,Fairfield Optimist Soccer Club FOSC B17 Red,https://system.gotsport.com/org_event/events/43740/schedules?team=3218908
Boys U9 Division 1,Academia De Futbol Ole Academia Ole 2017 Black,https://system.gotsport.com/org_event/events/43740/schedules?team=3231693
Boys U9 Division 1,Cincinnati West CWSC B17 Academy Elite,https://system.gotsport.com/org_event/events/43740/schedules?team=3197870
Boys U9 Division 1,Mercury Mercury B17 Red,https://system.gotsport.com/org_event/events/43740/schedules?team=3224536
Boys U9 Division 2,Cincinnati United CUSE 17B Barcelona,https://system.gotsport.com/org_event/events/43740/schedules?team=3224451
Boys U9 Division 2,FC Storm FC Storm B17 Loveland Orange,https://system.gotsport.com/org_event/events/43740/schedules?team=3162432
Boys U9 Division 2,Cincinnati United CUSM 17B Bologna,https://system.gotsport.com/org_event/events/43740/schedules?team=3223361
Boys U9 Division 2,Madeira FC Madeira FC B2017 Orange,https://system.gotsport.com/org_event/events/43740/schedules?team=3177762
Boys U9 Division 2,Cincinnati Elite FC Cincinnati Elite FC B17 Elite,https://system.gotsport.com/org_event/events/43740/schedules?team=3219064
Boys U9 Division 2,FC Dayton FC Dayton B17 Elite,https://system.gotsport.com/org_event/events/43740/schedules?team=3195834
Boys U9 Division 2,Cincy SC Cincy SC B17 Elite,https://system.gotsport.com/org_event/events/43740/schedules?team=3192418
Boys U9 Division 2,Cincinnati United CULM 17B Bournemouth,https://system.gotsport.com/org_event/events/43740/schedules?team=3222961
Boys U9 Division 3,STAR Rush Cincinnati STAR Rush B2017 Blue,https://system.gotsport.com/org_event/events/43740/schedules?team=3220012
Boys U9 Division 3,Cincinnati United CUSE 17B Chelsea,https://system.gotsport.com/org_event/events/43740/schedules?team=3224454
Boys U9 Division 3,FC Storm FC Storm B17 IH Orange,https://system.gotsport.com/org_event/events/43740/schedules?team=3162469
Boys U9 Division 3,Kings Hammer Soccer Club KHJR NKY B17-1,https://system.gotsport.com/org_event/events/43740/schedules?team=3179546
Boys U9 Division 3,Cincinnati United CUSM 17B Cagliari,https://system.gotsport.com/org_event/events/43740/schedules?team=3223369
Boys U9 Division 3,Kings Hammer Soccer Club KHJR CINCY B17-1,https://system.gotsport.com/org_event/events/43740/schedules?team=3184011
Boys U9 Division 4,Kings Hammer Soccer Club KHJR CINCY B17-2,https://system.gotsport.com/org_event/events/43740/schedules?team=3184006
Boys U9 Division 4,Lakota Futbol Club Lakota FC B17 Gray,https://system.gotsport.com/org_event/events/43740/schedules?team=3198789
Boys U9 Division 4,Total Futbol Academy(OH) TFA B17 Premier,https://system.gotsport.com/org_event/events/43740/schedules?team=3215481
Boys U9 Division 4,Cincy SC Cincy SC B17 Navy,https://system.gotsport.com/org_event/events/43740/schedules?team=3192416
Boys U9 Division 4,Kings Hammer Soccer Club KHJR NKY B17-2,https://system.gotsport.com/org_event/events/43740/schedules?team=3179549
Boys U9 Division 4,Cincinnati United CUSE 17B Dortmund,https://system.gotsport.com/org_event/events/43740/schedules?team=3224457
Boys U9 Division 4,Cincinnati United CULM 17B Crystal Palace,https://system.gotsport.com/org_event/events/43740/schedules?team=3223413
Boys U9 Division 4,FC Storm FC Storm B17 Loveland White,https://system.gotsport.com/org_event/events/43740/schedules?team=3162457
Boys U9 Division 4,FC Dayton FC Dayton B17 Navy,https://system.gotsport.com/org_event/events/43740/schedules?team=3195854
Boys U9 Division 5,NKY Gunners Athletic Club NKY Gunners Athletic Club B17,https://system.gotsport.com/org_event/events/43740/schedules?team=3347980
Boys U9 Division 5,Cincinnati United CUSE 17B Everton,https://system.gotsport.com/org_event/events/43740/schedules?team=3224461
Boys U9 Division 5,Cincinnati United CU Northwest 17B Atalanta,https://system.gotsport.com/org_event/events/43740/schedules?team=3229127
Boys U9 Division 5,Kings Hammer Soccer Club KHJR CINCY B17-3,https://system.gotsport.com/org_event/events/43740/schedules?team=3187346
Boys U9 Division 5,Academia De Futbol Ole Academia Ole 2017B Red,https://system.gotsport.com/org_event/events/43740/schedules?team=3231704
Boys U9 Division 5,FC Storm FC Storm B17 Loveland Black,https://system.gotsport.com/org_event/events/43740/schedules?team=3162461
Boys U9 Division 6,Lawrenceburg Greendale Soccer Club LGSC B17 Red Hawks,https://system.gotsport.com/org_event/events/43740/schedules?team=3142545
Boys U9 Division 6,Cincinnati Elite FC Cincinnati Elite FC B17 Gold,https://system.gotsport.com/org_event/events/43740/schedules?team=3219096
Boys U9 Division 6,Little Miami FC Little Miami FC 2017 Boys,https://system.gotsport.com/org_event/events/43740/schedules?team=3197609
Boys U9 Division 6,Cincy SC Cincy SC B17 Orange,https://system.gotsport.com/org_event/events/43740/schedules?team=3192411
Boys U9 Division 6,Cincinnati United CUSM 17B Dinamo Zagreb,https://system.gotsport.com/org_event/events/43740/schedules?team=3223397
Boys U9 Division 6,Madeira FC Madeira FC B2017 Blue,https://system.gotsport.com/org_event/events/43740/schedules?team=3162029
Boys U9 Division 6,Kings Hammer Soccer Club KHJR NKY B17-3,https://system.gotsport.com/org_event/events/43740/schedules?team=3179554
Boys U9 Division 7,Alliance Cincinnati SC ACSC B2017 Academy Gold,https://system.gotsport.com/org_event/events/43740/schedules?team=3289861
Boys U9 Division 7,Cincinnati United CUSE 17B Fiorentina,https://system.gotsport.com/org_event/events/43740/schedules?team=3224464
Boys U9 Division 7,Cincy SC Cincy SC B17 White,https://system.gotsport.com/org_event/events/43740/schedules?team=3192402
Boys U9 Division 7,Mercury Mercury B17 West,https://system.gotsport.com/org_event/events/43740/schedules?team=3224532
Boys U9 Division 7,Eclipse FC Eclipse FC Beasts,https://system.gotsport.com/org_event/events/43740/schedules?team=3158122
Boys U9 Division 8,Cincy SC Cincy SC B18/17 Premier,https://system.gotsport.com/org_event/events/43740/schedules?team=3238285
Boys U9 Division 8,Lakota Futbol Club LFC B18 Black,https://system.gotsport.com/org_event/events/43740/schedules?team=3128926
Boys U9 Division 8,On Goal Passion FC Passion FC 2017B Gray,https://system.gotsport.com/org_event/events/43740/schedules?team=3201295
Boys U9 Division 8,Lakota Futbol Club Lakota FC B17 White,https://system.gotsport.com/org_event/events/43740/schedules?team=3223116
Boys U9 Division 8,Independence SC ISC B17 Koking,https://system.gotsport.com/org_event/events/43740/schedules?team=3223050
Boys U9 Division 8,FC Storm FC Storm B17 IH White,https://system.gotsport.com/org_event/events/43740/schedules?team=3162474
Boys U9 Division 8,STAR Rush Cincinnati STAR Rush B2017 White,https://system.gotsport.com/org_event/events/43740/schedules?team=3220026
Boys U9 Division 8,Total Ginga Academy Total Ginga Academy 2017/18 (KY),https://system.gotsport.com/org_event/events/43740/schedules?team=3226643
Boys U9 Division 8,Total Ginga Academy Total Ginga Academy 2017/18 (OH),https://system.gotsport.com/org_event/events/43740/schedules?team=3226626
Boys U9 Division 9,Campbell Soccer Club (CSC) CSC U9B Willoughby,https://system.gotsport.com/org_event/events/43740/schedules?team=3213290
Boys U9 Division 9,Lord's Gym Price Hill F.C. B17/18,https://system.gotsport.com/org_event/events/43740/schedules?team=3196614
Boys U9 Division 9,Oak Hills Youth Athletics Oak Hills Premier Boys 2017,https://system.gotsport.com/org_event/events/43740/schedules?team=3222727
Boys U9 Division 9,Cincinnati West CWSC B17 Academy Red,https://system.gotsport.com/org_event/events/43740/schedules?team=3197975
Boys U9 Division 9,Lawrenceburg Greendale Soccer Club LGSC B17 Tiger Fury,https://system.gotsport.com/org_event/events/43740/schedules?team=3165972
Boys U9 Division 9,Kings Hammer Soccer Club KHJR NKY B17-4,https://system.gotsport.com/org_event/events/43740/schedules?team=3186530
Boys U9 Division 9,Kolping SC Kolping SC B17/18 Orange,https://system.gotsport.com/org_event/events/43740/schedules?team=3217793
Boys U9 Division 9,FC Storm FC Storm B17 Loveland Blue,https://system.gotsport.com/org_event/events/43740/schedules?team=3162466
Boys U9 Division 9,Cincinnati United CUSE 17B Granada,https://system.gotsport.com/org_event/events/43740/schedules?team=3224467
Boys U9 Division 9,Lakota Futbol Club LFC B18 Red,https://system.gotsport.com/org_event/events/43740/schedules?team=3340606
Boys U9 Division 10,Campbell Soccer Club (CSC) CSC U9B Enzweiler,https://system.gotsport.com/org_event/events/43740/schedules?team=3213267
Boys U9 Division 10,Lakota Futbol Club Lakota FC B17 Silver,https://system.gotsport.com/org_event/events/43740/schedules?team=3202603
Boys U9 Division 10,Fairfield Optimist Soccer Club FOSC B17 White,https://system.gotsport.com/org_event/events/43740/schedules?team=3219018
Boys U9 Division 10,Alliance Cincinnati SC ACSC B2017 Academy,https://system.gotsport.com/org_event/events/43740/schedules?team=3232322
Boys U9 Division 10,Lawrenceburg Greendale Soccer Club LGSC B17 Predators,https://system.gotsport.com/org_event/events/43740/schedules?team=3197416
Boys U9 Division 10,Mercury Mercury B18 Red,https://system.gotsport.com/org_event/events/43740/schedules?team=3224526
Boys U9 Division 10,Little Miami FC Little Miami FC 2018 Boys,https://system.gotsport.com/org_event/events/43740/schedules?team=3200796
Boys U9 Division 10,On Goal Passion FC Passion FC 2017B Blue,https://system.gotsport.com/org_event/events/43740/schedules?team=3264431
Boys U9 Division 10,Kolping SC Kolping SC B17/18 Orange B,https://system.gotsport.com/org_event/events/43740/schedules?team=3315212
Boys U9 Division 10,Oak Hills Youth Athletics Oak Hills Premier Boys 2018,https://system.gotsport.com/org_event/events/43740/schedules?team=3222717
Boys U9 Division 10,Elevate FC Elevate FC BU9 2017 18,https://system.gotsport.com/org_event/events/43740/schedules?team=3253553
Boys U10 Division 1,Academia De Futbol Ole Academia Ole 2016 Black,https://system.gotsport.com/org_event/events/43740/schedules?team=3231674
Boys U10 Division 1,Cincinnati United CULM 16B Aberdeen,https://system.gotsport.com/org_event/events/43740/schedules?team=3222929
Boys U10 Division 1,Cincinnati United CUSE 16B Arsenal,https://system.gotsport.com/org_event/events/43740/schedules?team=3224471
Boys U10 Division 1,Madeira FC Madeira FC B2016 Orange,https://system.gotsport.com/org_event/events/43740/schedules?team=3161394
Boys U10 Division 1,FC Storm FC Storm B16 IH Orange,https://system.gotsport.com/org_event/events/43740/schedules?team=3162569
Boys U10 Division 1,Cincinnati Elite FC Cincinnati Elite FC B16 Elite,https://system.gotsport.com/org_event/events/43740/schedules?team=3219010
Boys U10 Division 1,Lakota Futbol Club Lakota FC B16 Red,https://system.gotsport.com/org_event/events/43740/schedules?team=3173737
Boys U10 Division 2,STAR Rush Cincinnati STAR Rush B2016 Blue,https://system.gotsport.com/org_event/events/43740/schedules?team=3219983
Boys U10 Division 2,Monroe Premier FC Monroe Premier 2016 Boys Gold,https://system.gotsport.com/org_event/events/43740/schedules?team=3194786
Boys U10 Division 2,Cincinnati United CUSM 16B Bayern,https://system.gotsport.com/org_event/events/43740/schedules?team=3223063
Boys U10 Division 2,Cincy Galaxy SC Cincy Galaxy 2016B Navy,https://system.gotsport.com/org_event/events/43740/schedules?team=3119253
Boys U10 Division 2,FC Storm FC Storm B16 Loveland Orange,https://system.gotsport.com/org_event/events/43740/schedules?team=3162509
Boys U10 Division 2,Cincinnati United CUSE 16B Barcelona,https://system.gotsport.com/org_event/events/43740/schedules?team=3224494
Boys U10 Division 2,Cincy SC Cincy SC B16 Elite,https://system.gotsport.com/org_event/events/43740/schedules?team=3197605
Boys U10 Division 2,Cincinnati United CU Northwest 16B Atalanta,https://system.gotsport.com/org_event/events/43740/schedules?team=3229113
Boys U10 Division 3,Forest Hills FC Forest Hills FC B2016,https://system.gotsport.com/org_event/events/43740/schedules?team=3163359
Boys U10 Division 3,Kolping SC Kolping SC B16 Orange,https://system.gotsport.com/org_event/events/43740/schedules?team=3217797
Boys U10 Division 3,Cincy SC Cincy SC B16 Navy,https://system.gotsport.com/org_event/events/43740/schedules?team=3197726
Boys U10 Division 3,Lakota Futbol Club Lakota FC B16 Gray,https://system.gotsport.com/org_event/events/43740/schedules?team=3167916
Boys U10 Division 3,Madeira FC Madeira FC B2016 Blue,https://system.gotsport.com/org_event/events/43740/schedules?team=3170260
Boys U10 Division 3,Cincinnati Elite FC Cincinnati Elite FC B16 Gold-East,https://system.gotsport.com/org_event/events/43740/schedules?team=3219025
Boys U10 Division 3,Fusion FC NKY Fusion FC B16 Green,https://system.gotsport.com/org_event/events/43740/schedules?team=3220397
Boys U10 Division 3,Kings Hammer Soccer Club KHPA NKY B16-1,https://system.gotsport.com/org_event/events/43740/schedules?team=3179521
Boys U10 Division 3,Cincy SC Cincy SC B17 Premier,https://system.gotsport.com/org_event/events/43740/schedules?team=3192422
Boys U10 Division 3,Cincinnati United CUSE 16B Chelsea,https://system.gotsport.com/org_event/events/43740/schedules?team=3224502
Boys U10 Division 3,Kings Hammer Soccer Club KHPA CINCY B16-1,https://system.gotsport.com/org_event/events/43740/schedules?team=3183419
Boys U10 Division 4,Kolping SC Kolping SC B16 White,https://system.gotsport.com/org_event/events/43740/schedules?team=3217811
Boys U10 Division 4,Cincinnati Elite FC Cincinnati Elite FC B16 Gold-West,https://system.gotsport.com/org_event/events/43740/schedules?team=3219040
Boys U10 Division 4,Fairfield Optimist Soccer Club FOSC B16 Red,https://system.gotsport.com/org_event/events/43740/schedules?team=3222366
Boys U10 Division 4,Impact GFC Valhalla FC B16/B17 Blue,https://system.gotsport.com/org_event/events/43740/schedules?team=3218806
Boys U10 Division 4,Independence SC ISC B16 Sammons,https://system.gotsport.com/org_event/events/43740/schedules?team=3196617
Boys U10 Division 4,Cincinnati United CUSE 16B Dortmund,https://system.gotsport.com/org_event/events/43740/schedules?team=3224508
Boys U10 Division 4,Eclipse FC Eclipse FC Lil Mambas,https://system.gotsport.com/org_event/events/43740/schedules?team=3165169
Boys U10 Division 4,Total Ginga Academy Total Ginga Academy 2016,https://system.gotsport.com/org_event/events/43740/schedules?team=3226608
Boys U10 Division 4,Cincy SC Cincy SC B16 Orange,https://system.gotsport.com/org_event/events/43740/schedules?team=3197741
Boys U10 Division 4,Cincinnati West CWSC B16 Academy Elite,https://system.gotsport.com/org_event/events/43740/schedules?team=3223454
Boys U10 Division 4,Kings Hammer Soccer Club KHPA CINCY B16-2,https://system.gotsport.com/org_event/events/43740/schedules?team=3186439
Boys U10 Division 5,Cincinnati United CULM 16B Brechin,https://system.gotsport.com/org_event/events/43740/schedules?team=3223359
Boys U10 Division 5,Fairfield Optimist Soccer Club FOSC Lebanon Warriors Premier B2016 Maroon,https://system.gotsport.com/org_event/events/43740/schedules?team=3223324
Boys U10 Division 5,Kings Hammer Soccer Club KHPA NKY B16-2,https://system.gotsport.com/org_event/events/43740/schedules?team=3179527
Boys U10 Division 5,STAR Rush Cincinnati STAR Rush B2016 White,https://system.gotsport.com/org_event/events/43740/schedules?team=3220046
Boys U10 Division 5,Cincinnati United CUSM 16B Cologne,https://system.gotsport.com/org_event/events/43740/schedules?team=3223125
Boys U10 Division 5,NWC Alliance Soccer Club NWC Alliance 16/17 (U9) Boys Arsenal,https://system.gotsport.com/org_event/events/43740/schedules?team=3200449
Boys U10 Division 5,Cincinnati United CUSE 16B Everton,https://system.gotsport.com/org_event/events/43740/schedules?team=3224512
Boys U10 Division 5,Kings Hammer Soccer Club KHPA CINCY B16-A,https://system.gotsport.com/org_event/events/43740/schedules?team=3186446
Boys U10 Division 5,Cincy SC Cincy SC B16 White,https://system.gotsport.com/org_event/events/43740/schedules?team=3192885
Boys U10 Division 5,Madeira FC Madeira FC B2016 White,https://system.gotsport.com/org_event/events/43740/schedules?team=3190292
Boys U10 Division 5,Oak Hills Youth Athletics Oak Hills Premier Boys 2016,https://system.gotsport.com/org_event/events/43740/schedules?team=3222730
Boys U10 Division 6,Cincinnati United CUSM 16B Dusseldorf,https://system.gotsport.com/org_event/events/43740/schedules?team=3223127
Boys U10 Division 6,Lakota Futbol Club Lakota FC B16 White,https://system.gotsport.com/org_event/events/43740/schedules?team=3197871
Boys U10 Division 6,Mercury Mercury B16 West,https://system.gotsport.com/org_event/events/43740/schedules?team=3224718
Boys U10 Division 6,Kings Hammer Soccer Club KHPA NKY B16-3,https://system.gotsport.com/org_event/events/43740/schedules?team=3179534
Boys U10 Division 6,Independence SC ISC B16 Hawks,https://system.gotsport.com/org_event/events/43740/schedules?team=3196608
Boys U10 Division 6,Little Miami FC Little Miami FC 2016 Boys,https://system.gotsport.com/org_event/events/43740/schedules?team=3200713
Boys U10 Division 6,Fusion FC NKY Fusion FC B16 Black,https://system.gotsport.com/org_event/events/43740/schedules?team=3220405
Boys U10 Division 6,Fairfield Optimist Soccer Club FOSC Lebanon Warriors Premier B2016 White,https://system.gotsport.com/org_event/events/43740/schedules?team=3223328
Boys U10 Division 6,Forest Hills FC Forest Hills FC B2016 Kuhn,https://system.gotsport.com/org_event/events/43740/schedules?team=3265643
Boys U10 Division 7,On Goal Passion FC Passion FC 2016B Gray,https://system.gotsport.com/org_event/events/43740/schedules?team=3201272
Boys U10 Division 7,Total Futbol Academy(OH) TFA B16 Premier,https://system.gotsport.com/org_event/events/43740/schedules?team=3200980
Boys U10 Division 7,Inner Cincinnati SA Inner Cincinnati U10,https://system.gotsport.com/org_event/events/43740/schedules?team=3185998
Boys U10 Division 7,Cincinnati Elite FC Cincinnati Elite FC B16 Premier,https://system.gotsport.com/org_event/events/43740/schedules?team=3219048
Boys U10 Division 7,FC Storm FC Storm B16 Loveland White,https://system.gotsport.com/org_event/events/43740/schedules?team=3162525
Boys U10 Division 7,FC Storm FC Storm B16 IH White,https://system.gotsport.com/org_event/events/43740/schedules?team=3162578
Boys U10 Division 7,Mercury Mercury SJB B16 Blue Jays,https://system.gotsport.com/org_event/events/43740/schedules?team=3148716
Boys U10 Division 7,Cincinnati United CULM 16B Calendonian Thistle,https://system.gotsport.com/org_event/events/43740/schedules?team=3223384
Boys U10 Division 7,NWC Alliance Soccer Club NWC Alliance 2016 Boys Premier,https://system.gotsport.com/org_event/events/43740/schedules?team=3200482
Boys U10 Division 7,Cincinnati United CUSE 16B Fiorentina,https://system.gotsport.com/org_event/events/43740/schedules?team=3224521
Boys U10 Division 8,Eclipse FC Eclipse East Prime Time Ballers,https://system.gotsport.com/org_event/events/43740/schedules?team=3172407
Boys U10 Division 8,STAR Rush Cincinnati STAR Rush B2016 Grey,https://system.gotsport.com/org_event/events/43740/schedules?team=3224597
Boys U10 Division 8,Cincy Galaxy SC Cincy Galaxy 2016B Grey,https://system.gotsport.com/org_event/events/43740/schedules?team=3197760
Boys U10 Division 8,Kolping SC Kolping SC B16 Black,https://system.gotsport.com/org_event/events/43740/schedules?team=3217807
Boys U10 Division 8,NWC Alliance Soccer Club NWC Alliance 16/17 (U9) Boys Chelsea,https://system.gotsport.com/org_event/events/43740/schedules?team=3200470
Boys U10 Division 8,Lakota Futbol Club Lakota FC B16 Silver,https://system.gotsport.com/org_event/events/43740/schedules?team=3214169
Boys U10 Division 8,Fairfield Optimist Soccer Club FOSC B16 White,https://system.gotsport.com/org_event/events/43740/schedules?team=3222333
Boys U10 Division 8,Kings Hammer Soccer Club KHPA NKY B16-4,https://system.gotsport.com/org_event/events/43740/schedules?team=3186520
Boys U10 Division 9,Elevate FC Elevate FC BU10 2016 Blue,https://system.gotsport.com/org_event/events/43740/schedules?team=3097655
Boys U10 Division 9,Campbell Soccer Club (CSC) CSC U10B Lobaugh,https://system.gotsport.com/org_event/events/43740/schedules?team=3203385
Boys U10 Division 9,Mercury Mercury B16 West 2,https://system.gotsport.com/org_event/events/43740/schedules?team=3224849
Boys U10 Division 9,FC Storm FC Storm B16 Loveland Black,https://system.gotsport.com/org_event/events/43740/schedules?team=3162558
Boys U10 Division 9,Cincinnati West CWSC B16 Academy Red,https://system.gotsport.com/org_event/events/43740/schedules?team=3198367
Boys U10 Division 9,Kings Hammer Soccer Club KHPA NKY B16-5,https://system.gotsport.com/org_event/events/43740/schedules?team=3179542
Boys U10 Division 10,LSO United LSO United B16,https://system.gotsport.com/org_event/events/43740/schedules?team=3205223
Boys U10 Division 10,Oxford United FC(OH) Oxford United B2016,https://system.gotsport.com/org_event/events/43740/schedules?team=3183912
Boys U10 Division 10,Mercury Mercury Premier B16 White,https://system.gotsport.com/org_event/events/43740/schedules?team=3224673
Boys U10 Division 10,On Goal Passion FC Passion FC 2016B Blue,https://system.gotsport.com/org_event/events/43740/schedules?team=3201379
Boys U10 Division 10,Ohio United FC Ohio United FC B16 Academy,https://system.gotsport.com/org_event/events/43740/schedules?team=3225891
Boys U10 Division 10,Impact GFC Valhalla FC B16/B17 Grey,https://system.gotsport.com/org_event/events/43740/schedules?team=3218840
Boys U11 Division 1,Lakota Futbol Club Lakota FC B15 Red,https://system.gotsport.com/org_event/events/43740/schedules?team=3200306
Boys U11 Division 1,Cincy SC Cincy SC B15 Elite,https://system.gotsport.com/org_event/events/43740/schedules?team=3194533
Boys U11 Division 1,Cincinnati United CUSE 15B Arsenal,https://system.gotsport.com/org_event/events/43740/schedules?team=3224527
Boys U11 Division 1,Kings Hammer Soccer Club KHPA CINCY B15-A,https://system.gotsport.com/org_event/events/43740/schedules?team=3183252
Boys U11 Division 1,Cincinnati United CU North 15B Elite 2,https://system.gotsport.com/org_event/events/43740/schedules?team=3222944
Boys U11 Division 1,Total Futbol Academy(OH) TFA B15 Premier,https://system.gotsport.com/org_event/events/43740/schedules?team=3200758
Boys U11 Division 3,NWC Alliance Soccer Club NWC Alliance 15/16 (U10) Boys Elite,https://system.gotsport.com/org_event/events/43740/schedules?team=3200493
Boys U11 Division 3,Cincy SC Cincy SC B16 Premier,https://system.gotsport.com/org_event/events/43740/schedules?team=3200486
Boys U11 Division 3,Total Futbol Academy(OH) TFA B16 Elite,https://system.gotsport.com/org_event/events/43740/schedules?team=3214920
Boys U11 Division 3,Cincinnati United CUSE 15B Barcelona,https://system.gotsport.com/org_event/events/43740/schedules?team=3224529
Boys U11 Division 3,Monroe Premier FC Monroe Premier FC 2015 Boys Gold,https://system.gotsport.com/org_event/events/43740/schedules?team=3152121
Boys U11 Division 3,Kings Hammer Soccer Club KHPA CINCY B15-1,https://system.gotsport.com/org_event/events/43740/schedules?team=3183402
Boys U11 Division 3,Fairfield Optimist Soccer Club FOSC B15 Elite,https://system.gotsport.com/org_event/events/43740/schedules?team=3218880
Boys U11 Division 3,STAR Rush Cincinnati STAR Rush B2015 White,https://system.gotsport.com/org_event/events/43740/schedules?team=3220072
Boys U11 Division 3,Cincinnati United CUSE 15B Chelsea,https://system.gotsport.com/org_event/events/43740/schedules?team=3224531
Boys U11 Division 5,Campbell Soccer Club (CSC) CSC U11B Ireland,https://system.gotsport.com/org_event/events/43740/schedules?team=3213224
Boys U11 Division 5,LSO United LSO United B15,https://system.gotsport.com/org_event/events/43740/schedules?team=3084936
Boys U11 Division 5,Cincinnati United CU North 15B Puma One,https://system.gotsport.com/org_event/events/43740/schedules?team=3223138
Boys U11 Division 5,Kings Hammer Soccer Club KHPA NKY B15-1,https://system.gotsport.com/org_event/events/43740/schedules?team=3179505
Boys U11 Division 5,Mercury Mercury B16 Pre ECNL,https://system.gotsport.com/org_event/events/43740/schedules?team=3275490
Boys U11 Division 5,Independence SC ISC B15 Green Hornets,https://system.gotsport.com/org_event/events/43740/schedules?team=3219719
Boys U11 Division 5,Fusion FC NKY Fusion FC B15 Black,https://system.gotsport.com/org_event/events/43740/schedules?team=3220415
Boys U11 Division 5,Cincy SC Cincy SC B15 Navy,https://system.gotsport.com/org_event/events/43740/schedules?team=3194553
Boys U11 Division 5,Lawrenceburg Greendale Soccer Club LGSC B15 Tigers Black,https://system.gotsport.com/org_event/events/43740/schedules?team=3143392
Boys U11 Division 6,On Goal Passion FC Passion FC 2015B Gray,https://system.gotsport.com/org_event/events/43740/schedules?team=3225418
Boys U11 Division 6,Inner Cincinnati SA Inner Cincinnati U11,https://system.gotsport.com/org_event/events/43740/schedules?team=3185995
Boys U11 Division 6,Mercury Mercury B2015 west 1,https://system.gotsport.com/org_event/events/43740/schedules?team=3222084
Boys U11 Division 6,Madeira FC Madeira FC B2015 Blue,https://system.gotsport.com/org_event/events/43740/schedules?team=3219625
Boys U11 Division 6,Lakota Futbol Club Lakota FC B15 Gray,https://system.gotsport.com/org_event/events/43740/schedules?team=3225577
Boys U11 Division 6,Cincinnati United CU North 15B Evo Power,https://system.gotsport.com/org_event/events/43740/schedules?team=3223428
Boys U11 Division 6,Kings Hammer Soccer Club KHPA CINCY B15-2,https://system.gotsport.com/org_event/events/43740/schedules?team=3186431
Boys U11 Division 6,Oxford United FC(OH) Oxford United B 2015,https://system.gotsport.com/org_event/events/43740/schedules?team=3183898
Boys U11 Division 6,Cincinnati United CUSE 15B Dortmund,https://system.gotsport.com/org_event/events/43740/schedules?team=3224535
Boys U11 Division 6,Cincy SC Cincy SC B15 Orange,https://system.gotsport.com/org_event/events/43740/schedules?team=3194569
Boys U11 Division 7,Ohio United FC Ohio United FC B15 Rovers Blue,https://system.gotsport.com/org_event/events/43740/schedules?team=3225856
Boys U11 Division 7,Mercury Mercury Premier 2015 Boys White,https://system.gotsport.com/org_event/events/43740/schedules?team=3224660
Boys U11 Division 7,Campbell Soccer Club (CSC) CSC U11B Fotsch,https://system.gotsport.com/org_event/events/43740/schedules?team=3213220
Boys U11 Division 7,Kings Hammer Soccer Club KHPA NKY B15-2,https://system.gotsport.com/org_event/events/43740/schedules?team=3179511
Boys U11 Division 7,Campbell Soccer Club (CSC) CSC U11B Kafel,https://system.gotsport.com/org_event/events/43740/schedules?team=3213237
Boys U11 Division 7,Eclipse FC Eclipse East Crossfire,https://system.gotsport.com/org_event/events/43740/schedules?team=3172436
Boys U11 Division 7,Cincinnati Elite FC Cincinnati Elite FC B15 Gold,https://system.gotsport.com/org_event/events/43740/schedules?team=3219000
Boys U11 Division 7,Kings Hammer Soccer Club KHPA CINCY B15-B,https://system.gotsport.com/org_event/events/43740/schedules?team=3186434
Boys U11 Division 8,Cincinnati Grand Futbol Cincinnati Grand Futbol,https://system.gotsport.com/org_event/events/43740/schedules?team=3272734
Boys U11 Division 8,Oak Hills Youth Athletics Oak Hills Premier Boys 2015,https://system.gotsport.com/org_event/events/43740/schedules?team=3222731
Boys U11 Division 8,Lawrenceburg Greendale Soccer Club LGSC B15 Wild Tigers,https://system.gotsport.com/org_event/events/43740/schedules?team=3100480
Boys U11 Division 8,NWC Alliance Soccer Club NWC Alliance 15/16 (U10) Boys Premier,https://system.gotsport.com/org_event/events/43740/schedules?team=3200505
Boys U11 Division 8,Mercury SJB Premier B15 Blue Jays,https://system.gotsport.com/org_event/events/43740/schedules?team=3151353
Boys U11 Division 8,Ohio United FC Ohio United FC B15 Academy,https://system.gotsport.com/org_event/events/43740/schedules?team=3225851
Boys U11 Division 8,Little Miami FC Little Miami FC 2015/2016 Boys,https://system.gotsport.com/org_event/events/43740/schedules?team=3200709
Boys U11 Division 8,Campbell Soccer Club (CSC) CSC U11B Kramer Jaguars,https://system.gotsport.com/org_event/events/43740/schedules?team=3213242
Boys U11 Division 8,Alliance Cincinnati SC ACSC B2015/2016 Academy,https://system.gotsport.com/org_event/events/43740/schedules?team=3232368
Boys U11 Division 9,Taylor Creek Youth Organization TCFC Red Bulls B2015,https://system.gotsport.com/org_event/events/43740/schedules?team=3177761
Boys U11 Division 9,Kolping SC Kolping SC B15 Black,https://system.gotsport.com/org_event/events/43740/schedules?team=3217823
Boys U11 Division 9,Elevate FC Elevate FC 2015 Blue,https://system.gotsport.com/org_event/events/43740/schedules?team=3097540
Boys U11 Division 9,STAR Rush Cincinnati STAR Rush B2015 Grey,https://system.gotsport.com/org_event/events/43740/schedules?team=3220082
Boys U11 Division 9,Butler Fury Soccer Club Butler Fury Youth Soccer Club Boys 2015/2016,https://system.gotsport.com/org_event/events/43740/schedules?team=3176563
Boys U11 Division 9,Ohio United FC Ohio United FC B15 Academy 2,https://system.gotsport.com/org_event/events/43740/schedules?team=3225894
Boys U11 Division 9,Lakota Futbol Club Lakota FC B15 White,https://system.gotsport.com/org_event/events/43740/schedules?team=3223294
Boys U11 Division 10,Cincinnati Grand Futbol Cincinnati Grand Futbol Club Black,https://system.gotsport.com/org_event/events/43740/schedules?team=3272944
Boys U11 Division 10,Kings Hammer Soccer Club KHPA NKY B15-3,https://system.gotsport.com/org_event/events/43740/schedules?team=3179516
Boys U11 Division 10,On Goal Passion FC Passion FC 2015B Blue,https://system.gotsport.com/org_event/events/43740/schedules?team=3225428
Boys U11 Division 10,Taylor Creek Youth Organization TCFC Red Dragons B2015,https://system.gotsport.com/org_event/events/43740/schedules?team=3173949
Boys U11 Division 10,Fairfield Optimist Soccer Club FOSC Lebanon Warrior Premier B2015,https://system.gotsport.com/org_event/events/43740/schedules?team=3223296
Boys U11 Division 10,FC Storm FC Storm B15 White,https://system.gotsport.com/org_event/events/43740/schedules?team=3162662
Boys U11 Division 10,Mercury Mercury 2015 west 2,https://system.gotsport.com/org_event/events/43740/schedules?team=3222161
Boys U11 Division 10,Edgewood Premier FC Edgewood Premier FC B15,https://system.gotsport.com/org_event/events/43740/schedules?team=3223750
Boys U11 Division 10,Kolping SC Kolping SC B15 White,https://system.gotsport.com/org_event/events/43740/schedules?team=3217829
Boys U11 Division 10,Franklin Youth Soccer Association Franklin Premier FC U11 Boys,https://system.gotsport.com/org_event/events/43740/schedules?team=3177881
Boys U12 Division 2,Kings Hammer Soccer Club KHPA NKY B14-1,https://system.gotsport.com/org_event/events/43740/schedules?team=3173560
Boys U12 Division 2,On Goal Passion FC Passion FC 2014B Gray,https://system.gotsport.com/org_event/events/43740/schedules?team=3187055
Boys U12 Division 2,Cincinnati United CU North 14B Elite 2,https://system.gotsport.com/org_event/events/43740/schedules?team=3223143
Boys U12 Division 2,Cincinnati United CUSE 14B Barcelona,https://system.gotsport.com/org_event/events/43740/schedules?team=3224664
Boys U12 Division 2,Lakota Futbol Club Lakota FC B14 Gray,https://system.gotsport.com/org_event/events/43740/schedules?team=3223319
Boys U12 Division 3,Fairfield Optimist Soccer Club FOSC Lebanon Warriors Premier B2014 Maroon,https://system.gotsport.com/org_event/events/43740/schedules?team=3223313
Boys U12 Division 3,Kings Hammer Soccer Club KHPA CINCY B14-A,https://system.gotsport.com/org_event/events/43740/schedules?team=3186266
Boys U12 Division 3,Cincy SC Cincy SC B14 Navy,https://system.gotsport.com/org_event/events/43740/schedules?team=3194497
Boys U12 Division 3,Lawrenceburg Greendale Soccer Club LGSC B14 Thundercats,https://system.gotsport.com/org_event/events/43740/schedules?team=3191379
Boys U12 Division 3,Fusion FC NKY Fusion FC B14 Black,https://system.gotsport.com/org_event/events/43740/schedules?team=3220448
Boys U12 Division 3,Madeira FC Madeira FC B2014 Blue,https://system.gotsport.com/org_event/events/43740/schedules?team=3167988
Boys U12 Division 3,Cincinnati United CUSE 14B CHELSEA,https://system.gotsport.com/org_event/events/43740/schedules?team=3224669
Boys U12 Division 4,Independence SC ISC B14 Wolves,https://system.gotsport.com/org_event/events/43740/schedules?team=3196694
Boys U12 Division 4,Oak Hills Youth Athletics Oak Hills Premier Boys 2014 Black,https://system.gotsport.com/org_event/events/43740/schedules?team=3222736
Boys U12 Division 4,Forest Hills FC Forest Hills Fútbol Club,https://system.gotsport.com/org_event/events/43740/schedules?team=3244653
Boys U12 Division 4,Monroe Premier FC Monroe Premier FC Boys 2014,https://system.gotsport.com/org_event/events/43740/schedules?team=3142301
Boys U12 Division 4,Oxford United FC(OH) Oxford United B2014,https://system.gotsport.com/org_event/events/43740/schedules?team=3183887
Boys U12 Division 4,Kolping SC Kolping SC B14 Black,https://system.gotsport.com/org_event/events/43740/schedules?team=3217834
Boys U12 Division 4,Kings Hammer Soccer Club KHPA CINCY B14-2,https://system.gotsport.com/org_event/events/43740/schedules?team=3179472
Boys U12 Division 4,Kings Hammer Soccer Club KHPA NKY B14-2,https://system.gotsport.com/org_event/events/43740/schedules?team=3179501
Boys U12 Division 4,Cincy SC Cincy SC B14 Orange,https://system.gotsport.com/org_event/events/43740/schedules?team=3194514
Boys U12 Division 4,Cincinnati United CUSE 14B Dortmund,https://system.gotsport.com/org_event/events/43740/schedules?team=3224675
Boys U12 Division 5,Eclipse FC Eclipse FC East Courage,https://system.gotsport.com/org_event/events/43740/schedules?team=3124393
Boys U12 Division 5,FC Storm FC Storm B14 Orange,https://system.gotsport.com/org_event/events/43740/schedules?team=3162683
Boys U12 Division 5,Kings Hammer Soccer Club KHPA NKY B14-3,https://system.gotsport.com/org_event/events/43740/schedules?team=3186456
Boys U12 Division 5,STAR Rush Cincinnati STAR Rush B2014 White,https://system.gotsport.com/org_event/events/43740/schedules?team=3220100
Boys U12 Division 5,Cincinnati United CU North 14B Puma One,https://system.gotsport.com/org_event/events/43740/schedules?team=3223146
Boys U12 Division 5,Cincinnati United CUSE 14B Everton,https://system.gotsport.com/org_event/events/43740/schedules?team=3224687
Boys U12 Division 5,Alliance Cincinnati SC ACSC B2014 Academy,https://system.gotsport.com/org_event/events/43740/schedules?team=3232334
Boys U12 Division 5,Cincy SC Cincy SC B14 White,https://system.gotsport.com/org_event/events/43740/schedules?team=3194489
Boys U12 Division 5,Lakota Futbol Club Lakota FC B2014 White,https://system.gotsport.com/org_event/events/43740/schedules?team=3223304
Boys U12 Division 6,Mercury Mercury Premier 2014 Boys White,https://system.gotsport.com/org_event/events/43740/schedules?team=3224657
Boys U12 Division 6,Independence SC ISC B14 Warrior FC,https://system.gotsport.com/org_event/events/43740/schedules?team=3181870
Boys U12 Division 6,Fairfield Optimist Soccer Club FOSC Lebanon Warriors Premier B2014 White,https://system.gotsport.com/org_event/events/43740/schedules?team=3223318
Boys U12 Division 6,Cincinnati United CU North 14B Evo Power,https://system.gotsport.com/org_event/events/43740/schedules?team=3223419
Boys U12 Division 6,Mercury B2014 west 1,https://system.gotsport.com/org_event/events/43740/schedules?team=3222077
Boys U12 Division 6,Northwest Cincy Soccer Coalition Northwest Cincy SC B14 Strike,https://system.gotsport.com/org_event/events/43740/schedules?team=3223250
Boys U12 Division 7,Cincinnati Elite FC Cincinnati Elite FC B14 Gold,https://system.gotsport.com/org_event/events/43740/schedules?team=3218960
Boys U12 Division 7,Cincinnati West CWSC B14/15 Academy Red,https://system.gotsport.com/org_event/events/43740/schedules?team=3218933
Boys U12 Division 7,Fairfield Optimist Soccer Club FOSC B14 Premier,https://system.gotsport.com/org_event/events/43740/schedules?team=3222360
Boys U12 Division 7,Fusion FC NKY Fusion FC B14 White,https://system.gotsport.com/org_event/events/43740/schedules?team=3220450
Boys U12 Division 7,FC Storm FC Storm B14 White,https://system.gotsport.com/org_event/events/43740/schedules?team=3162690
Boys U12 Division 7,On Goal Passion FC Passion FC 2014B Blue,https://system.gotsport.com/org_event/events/43740/schedules?team=3187396
Boys U12 Division 7,Kings Hammer Soccer Club KHPA NKY B14-4,https://system.gotsport.com/org_event/events/43740/schedules?team=3186512
Boys U12 Division 8,Oak Hills Youth Athletics Oak Hills Premier Boys 2014 Red,https://system.gotsport.com/org_event/events/43740/schedules?team=3222740
Boys U12 Division 8,Campbell Soccer Club (CSC) CSC U12B Collier Bad Boys,https://system.gotsport.com/org_event/events/43740/schedules?team=3213258
Boys U12 Division 8,Cincinnati Elite FC Cincinnati Elite FC B14 Premier,https://system.gotsport.com/org_event/events/43740/schedules?team=3218977
Boys U12 Division 8,FC Dayton FC Dayton B14 Navy,https://system.gotsport.com/org_event/events/43740/schedules?team=3195784
Boys U12 Division 8,Kings Hammer Soccer Club KHPA CINCY B14-B,https://system.gotsport.com/org_event/events/43740/schedules?team=3186425
Boys U12 Division 8,Waynesville FC Waynesville FC B2014,https://system.gotsport.com/org_event/events/43740/schedules?team=3220392
Boys U12 Division 8,Madeira FC Madeira FC B2014 White,https://system.gotsport.com/org_event/events/43740/schedules?team=3219207
Boys U12 Division 8,Total Futbol Academy(OH) TFA B14 Gold,https://system.gotsport.com/org_event/events/43740/schedules?team=3216073
Boys U12 Division 8,NWC Alliance Soccer Club NWC Alliance 2014 (U12) Boys Premier,https://system.gotsport.com/org_event/events/43740/schedules?team=3200556
Boys U12 Division 8,Cincinnati United CU Northwest 14/15B Atalanta,https://system.gotsport.com/org_event/events/43740/schedules?team=3229099
Boys U12 Division 9,Edgewood Premier FC Edgewood Premier FC B14,https://system.gotsport.com/org_event/events/43740/schedules?team=3223733
Boys U12 Division 9,Campbell Soccer Club (CSC) CSC U12B Chaos 14/15,https://system.gotsport.com/org_event/events/43740/schedules?team=3213244
Boys U12 Division 9,Campbell Soccer Club (CSC) CSC U12B CAdkins,https://system.gotsport.com/org_event/events/43740/schedules?team=3213256
Boys U12 Division 9,Eclipse FC Eclipse FC East Havok-Blue,https://system.gotsport.com/org_event/events/43740/schedules?team=3181227
Boys U12 Division 9,Kolping SC Kolping SC B14 White,https://system.gotsport.com/org_event/events/43740/schedules?team=3217846
Boys U12 Division 9,FC Storm FC Storm B14/15 Black,https://system.gotsport.com/org_event/events/43740/schedules?team=3162696
Boys U12 Division 9,Kings Hammer Soccer Club KHPA NKY B14-A,https://system.gotsport.com/org_event/events/43740/schedules?team=3226268
Boys U12 Division 9,Cincinnati West CWSC B14/15 United Red,https://system.gotsport.com/org_event/events/43740/schedules?team=3216344
Boys U13 Division 1,Fairfield Optimist Soccer Club FOSC B13 Premier,https://system.gotsport.com/org_event/events/43740/schedules?team=3218467
Boys U13 Division 1,Cincinnati United CUSE 13B Arsenal,https://system.gotsport.com/org_event/events/43740/schedules?team=3224693
Boys U13 Division 1,Oak Hills Youth Athletics Oak Hills Premier Boys 2013 Black,https://system.gotsport.com/org_event/events/43740/schedules?team=3222743
Boys U13 Division 1,Fusion FC NKY Fusion FC B13 Black,https://system.gotsport.com/org_event/events/43740/schedules?team=3220468
Boys U13 Division 1,Cincy SC Cincy SC B13 Navy,https://system.gotsport.com/org_event/events/43740/schedules?team=3192019
Boys U13 Division 2,Mercury Mercury Premier 2013 Boys White,https://system.gotsport.com/org_event/events/43740/schedules?team=3224650
Boys U13 Division 2,Fusion FC NKY Fusion FC B13 White,https://system.gotsport.com/org_event/events/43740/schedules?team=3220473
Boys U13 Division 2,Lakota Futbol Club Lakota FC B13 Gray,https://system.gotsport.com/org_event/events/43740/schedules?team=3289996
Boys U13 Division 2,STAR Rush Cincinnati STAR Rush B2013 White,https://system.gotsport.com/org_event/events/43740/schedules?team=3220109
Boys U13 Division 2,FC Storm FC Storm B13 Orange,https://system.gotsport.com/org_event/events/43740/schedules?team=3162715
Boys U13 Division 4,Cincinnati United CU North 13B Puma One,https://system.gotsport.com/org_event/events/43740/schedules?team=3223440
Boys U13 Division 4,Mercury Mercury B13 West,https://system.gotsport.com/org_event/events/43740/schedules?team=3222066
Boys U13 Division 4,Fairfield Optimist Soccer Club FOSC Lebanon Warrior Premier B2013,https://system.gotsport.com/org_event/events/43740/schedules?team=3223254
Boys U13 Division 4,Northwest Cincy Soccer Coalition Northwest Cincy SC B13/14 Sharks,https://system.gotsport.com/org_event/events/43740/schedules?team=3228769
Boys U13 Division 4,Clinton Massie SAY Premier Clinton Massie Premier B13,https://system.gotsport.com/org_event/events/43740/schedules?team=3063912
Boys U13 Division 4,Eclipse FC Eclipse FC Firehawks,https://system.gotsport.com/org_event/events/43740/schedules?team=3165155
Boys U13 Division 4,Cincinnati United CUSE 13B Barcelona,https://system.gotsport.com/org_event/events/43740/schedules?team=3224698
Boys U13 Division 5,Alliance Cincinnati SC ACSC B2013 Academy,https://system.gotsport.com/org_event/events/43740/schedules?team=3232390
Boys U13 Division 5,Kolping SC Kolping SC B13 Black,https://system.gotsport.com/org_event/events/43740/schedules?team=3217870
Boys U13 Division 5,Ohio United FC Ohio United FC B13 Academy,https://system.gotsport.com/org_event/events/43740/schedules?team=3225838
Boys U13 Division 5,Kings Hammer Soccer Club KHA CINCY B13-A,https://system.gotsport.com/org_event/events/43740/schedules?team=3223913
Boys U13 Division 5,Fairfield Optimist Soccer Club FOSC B13 Black,https://system.gotsport.com/org_event/events/43740/schedules?team=3218514
Boys U13 Division 5,Lakota Futbol Club Lakota FC B13 White,https://system.gotsport.com/org_event/events/43740/schedules?team=3146346
Boys U13 Division 6,Independence SC ISC B13 Pumas,https://system.gotsport.com/org_event/events/43740/schedules?team=3219803
Boys U13 Division 6,Bellbrook Soccer Association Ohio Fusion SC B2013 Black,https://system.gotsport.com/org_event/events/43740/schedules?team=3219532
Boys U13 Division 6,Butler Fury Soccer Club Butler Fury Youth Soccer Club Boys 2013 Red,https://system.gotsport.com/org_event/events/43740/schedules?team=3150936
Boys U13 Division 6,Cincinnati West CWSC B13 Academy Red,https://system.gotsport.com/org_event/events/43740/schedules?team=3181364
Boys U13 Division 6,LSO United LSO United B13,https://system.gotsport.com/org_event/events/43740/schedules?team=3151280
Boys U13 Division 6,Monroe Premier FC Monroe Premier FC 2013B Navy,https://system.gotsport.com/org_event/events/43740/schedules?team=3142140
Boys U13 Division 6,STAR Rush Cincinnati STAR Rush B2013 Red,https://system.gotsport.com/org_event/events/43740/schedules?team=3224603
Boys U14 Division 1,Inner Cincinnati SA Inner Cincinnati U14,https://system.gotsport.com/org_event/events/43740/schedules?team=3185996
Boys U14 Division 1,Taylor Creek Youth Organization Taylor Creek FC B2012,https://system.gotsport.com/org_event/events/43740/schedules?team=3173915
Boys U14 Division 1,Fairfield Optimist Soccer Club FOSC Lebanon Warriors Premier B2012,https://system.gotsport.com/org_event/events/43740/schedules?team=3223288
Boys U14 Division 1,Independence SC ISC B12/13 Trenkamp,https://system.gotsport.com/org_event/events/43740/schedules?team=3201133
Boys U14 Division 1,Lakota Futbol Club Lakota FC B12 Gray,https://system.gotsport.com/org_event/events/43740/schedules?team=3227494
Boys U14 Division 2,Taylor Creek Youth Organization TCFC B2012 Red,https://system.gotsport.com/org_event/events/43740/schedules?team=3173963
Boys U14 Division 2,Ohio United FC Ohio United FC B12 Academy,https://system.gotsport.com/org_event/events/43740/schedules?team=3225693
Boys U14 Division 2,Cincy SC Cincy SC B12 Navy,https://system.gotsport.com/org_event/events/43740/schedules?team=3192015
Boys U14 Division 2,Bellbrook Soccer Association Ohio Fusion SC B2012,https://system.gotsport.com/org_event/events/43740/schedules?team=3219510
Boys U14 Division 2,Kolping SC Kolping SC B12 Orange,https://system.gotsport.com/org_event/events/43740/schedules?team=3217883
Boys U14 Division 2,Cincinnati United CUSE 12B Barcelona,https://system.gotsport.com/org_event/events/43740/schedules?team=3224723
Boys U14 Division 2,Campbell Soccer Club (CSC) CSC U14B McGrath,https://system.gotsport.com/org_event/events/43740/schedules?team=3213259
Boys U14 DIVISION 4,Madeira FC Madeira FC B2012 Orange,https://system.gotsport.com/org_event/events/43740/schedules?team=3168907
Boys U14 DIVISION 4,Lawrenceburg Greendale Soccer Club LGSC B12/13 GMS,https://system.gotsport.com/org_event/events/43740/schedules?team=3259246
Boys U14 DIVISION 4,Lakota Futbol Club Lakota FC B2012 White,https://system.gotsport.com/org_event/events/43740/schedules?team=3223299
Boys U14 DIVISION 4,Campbell Soccer Club (CSC) CSC U14B Revo,https://system.gotsport.com/org_event/events/43740/schedules?team=3263132
Boys U14 DIVISION 4,Cincinnati United CU North 12B Puma One,https://system.gotsport.com/org_event/events/43740/schedules?team=3223448
Boys U14 DIVISION 4,Kings Hammer Soccer Club KHA NKY B12-3,https://system.gotsport.com/org_event/events/43740/schedules?team=3223901
Boys U14 DIVISION 4,Oak Hills Youth Athletics Oak Hills Premier Boys 2012,https://system.gotsport.com/org_event/events/43740/schedules?team=3222713
Boys U14 DIVISION 4,Northwest Cincy Soccer Coalition Northwest Cincy SC B12,https://system.gotsport.com/org_event/events/43740/schedules?team=3225648
Boys U14 DIVISION 4,Cincinnati United CUSE 12B Chelsea,https://system.gotsport.com/org_event/events/43740/schedules?team=3224747
Boys U15,Independence SC ISC B11 Tigers,https://system.gotsport.com/org_event/events/43740/schedules?team=3219820
Boys U15,Kolping SC Kolping SC B11 FALL,https://system.gotsport.com/org_event/events/43740/schedules?team=3217899
Boys U15,Waynesville FC Waynesville FC B2011,https://system.gotsport.com/org_event/events/43740/schedules?team=3220385
Boys U15,Edgewood Premier FC Edgewood Premier FC B11,https://system.gotsport.com/org_event/events/43740/schedules?team=3223728
Boys U15,Lawrenceburg Greendale Soccer Club LGSC B11/12 GMS,https://system.gotsport.com/org_event/events/43740/schedules?team=3259275
Boys U15,FC Storm FC Storm B11 Fall Team 2,https://system.gotsport.com/org_event/events/43740/schedules?team=3167187
Boys U15,Fairfield Optimist Soccer Club FOSC B11/12 Premier,https://system.gotsport.com/org_event/events/43740/schedules?team=3222314
Boys U15,Oxford United FC(OH) Oxford United B2011,https://system.gotsport.com/org_event/events/43740/schedules?team=3183882
Boys U15,Cincinnati United CUSE 11B Arsenal,https://system.gotsport.com/org_event/events/43740/schedules?team=3224752
Boys High School,Kolping SC Kolping HSA Orange,https://system.gotsport.com/org_event/events/43740/schedules?team=3217905
Girls U9 Division 1,Kings Hammer Soccer Club KHJR CINCY G17-1,https://system.gotsport.com/org_event/events/43740/schedules?team=3183977
Girls U9 Division 1,Mercury Mercury G17 Red,https://system.gotsport.com/org_event/events/43740/schedules?team=3317047
Girls U9 Division 1,Mercury Mercury SJB G17 Blue Jays,https://system.gotsport.com/org_event/events/43740/schedules?team=3149424
Girls U9 Division 1,Cincinnati United CUSM 17G Amiens,https://system.gotsport.com/org_event/events/43740/schedules?team=3223140
Girls U9 Division 1,Northwest Cincy Soccer Coalition Northwest Cincy SC G17,https://system.gotsport.com/org_event/events/43740/schedules?team=3225479
Girls U9 Division 1,Cincy SC Cincy SC G17 Premier,https://system.gotsport.com/org_event/events/43740/schedules?team=3223107
Girls U9 Division 2,Independence SC ISC G17 Lightning,https://system.gotsport.com/org_event/events/43740/schedules?team=3196585
Girls U9 Division 2,FC Storm FC Storm G17 Loveland Orange,https://system.gotsport.com/org_event/events/43740/schedules?team=3162476
Girls U9 Division 2,Cincinnati United CUSE 17G Arsenal,https://system.gotsport.com/org_event/events/43740/schedules?team=3224409
Girls U9 Division 2,Impact GFC Impact GFC G17 Blue,https://system.gotsport.com/org_event/events/43740/schedules?team=3217935
Girls U9 Division 2,Lakota Futbol Club Lakota FC G17 Red,https://system.gotsport.com/org_event/events/43740/schedules?team=3202769
Girls U9 Division 2,Cincinnati United CULM 17G Alaves,https://system.gotsport.com/org_event/events/43740/schedules?team=3223059
Girls U9 Division 3,Kolping SC Kolping SC G17 Orange,https://system.gotsport.com/org_event/events/43740/schedules?team=3217606
Girls U9 Division 3,Total Futbol Academy(OH) TFA G17 Elite,https://system.gotsport.com/org_event/events/43740/schedules?team=3314931
Girls U9 Division 3,Mercury G2017 North 2,https://system.gotsport.com/org_event/events/43740/schedules?team=3228252
Girls U9 Division 3,Kings Hammer Soccer Club KHJR NKY G17-1,https://system.gotsport.com/org_event/events/43740/schedules?team=3179655
Girls U9 Division 3,FC Dayton FC Dayton G17 Elite,https://system.gotsport.com/org_event/events/43740/schedules?team=3195904
Girls U9 Division 3,Cincy SC Cincy SC G17 Elite,https://system.gotsport.com/org_event/events/43740/schedules?team=3223106
Girls U9 Division 4,Fairfield Optimist Soccer Club FOSC G17 Red,https://system.gotsport.com/org_event/events/43740/schedules?team=3218802
Girls U9 Division 4,Mercury Mercury G17 Red 2,https://system.gotsport.com/org_event/events/43740/schedules?team=3224522
Girls U9 Division 4,FC Storm FC Storm G17 IH Orange,https://system.gotsport.com/org_event/events/43740/schedules?team=3162502
Girls U9 Division 4,Cincinnati United CUSE 17G Barcelona,https://system.gotsport.com/org_event/events/43740/schedules?team=3224412
Girls U9 Division 4,Lakota Futbol Club Lakota FC G17 Grey,https://system.gotsport.com/org_event/events/43740/schedules?team=3203131
Girls U9 Division 4,Cincy SC Cincy SC G17 Navy,https://system.gotsport.com/org_event/events/43740/schedules?team=3223101
Girls U9 Division 4,Madeira FC Madeira FC G2017 Orange,https://system.gotsport.com/org_event/events/43740/schedules?team=3162076
Girls U9 Division 5,Total Futbol Academy(OH) TFA G18 Elite,https://system.gotsport.com/org_event/events/43740/schedules?team=3200860
Girls U9 Division 5,Cincinnati United CUSE 17G Chelsea,https://system.gotsport.com/org_event/events/43740/schedules?team=3224413
Girls U9 Division 5,Mercury Mercury G17 Younger,https://system.gotsport.com/org_event/events/43740/schedules?team=3230725
Girls U9 Division 5,Cincinnati United CUSM 17G Bastia,https://system.gotsport.com/org_event/events/43740/schedules?team=3222983
Girls U9 Division 5,NWC Alliance Soccer Club NWC Alliance 17/18 (U8) Girls Elite,https://system.gotsport.com/org_event/events/43740/schedules?team=3199296
Girls U9 Division 5,Cincy SC Cincy SC G17 Orange,https://system.gotsport.com/org_event/events/43740/schedules?team=3223099
Girls U9 Division 5,FC Storm FC Storm G17 Loveland White,https://system.gotsport.com/org_event/events/43740/schedules?team=3162485
Girls U9 Division 5,Kings Hammer Soccer Club KHJR NKY G17-2,https://system.gotsport.com/org_event/events/43740/schedules?team=3179666
Girls U9 Division 6A,Cincinnati Elite FC Cincinnati Elite FC G17 Elite,https://system.gotsport.com/org_event/events/43740/schedules?team=3219216
Girls U9 Division 6A,FC Storm FC Storm G17 Loveland Black,https://system.gotsport.com/org_event/events/43740/schedules?team=3162490
Girls U9 Division 6A,Impact GFC Impact GFC G17 White,https://system.gotsport.com/org_event/events/43740/schedules?team=3217918
Girls U9 Division 6A,Kolping SC Kolping SC G17/18 Black,https://system.gotsport.com/org_event/events/43740/schedules?team=3217615
Girls U9 Division 6A,Cincy SC Cincy SC G17 White,https://system.gotsport.com/org_event/events/43740/schedules?team=3223071
Girls U9 Division 6A,NWC Alliance Soccer Club NWC Alliance 17/18 (U8) Girls Premier,https://system.gotsport.com/org_event/events/43740/schedules?team=3199305
Girls U9 Division 6B,Little Miami FC Little Miami FC 2017 Girls,https://system.gotsport.com/org_event/events/43740/schedules?team=3200785
Girls U9 Division 6B,Mercury Mercury G17 West,https://system.gotsport.com/org_event/events/43740/schedules?team=3224505
Girls U9 Division 6B,Campbell Soccer Club (CSC) CSC U9G Noll,https://system.gotsport.com/org_event/events/43740/schedules?team=3213388
Girls U9 Division 6B,STAR Rush Cincinnati STAR Rush G2017 Blue,https://system.gotsport.com/org_event/events/43740/schedules?team=3220123
Girls U9 Division 6B,Cincinnati United CULM 17G Betis,https://system.gotsport.com/org_event/events/43740/schedules?team=3223112
Girls U9 Division 6B,Total Futbol Academy(OH) TFA G18 Premier,https://system.gotsport.com/org_event/events/43740/schedules?team=3200887
Girls U9 Division 6B,Lawrenceburg Greendale Soccer Club LGSC G17 Tigerettes,https://system.gotsport.com/org_event/events/43740/schedules?team=3261989
Girls U9 Division 8,Elevate FC Elevate FC GU9 2017 18,https://system.gotsport.com/org_event/events/43740/schedules?team=3253563
Girls U9 Division 8,On Goal Passion FC Passion FC 2017G Gray,https://system.gotsport.com/org_event/events/43740/schedules?team=3187074
Girls U9 Division 8,Mercury Mercury Premier 2017 Girls White,https://system.gotsport.com/org_event/events/43740/schedules?team=3224719
Girls U9 Division 8,Fairfield Optimist Soccer Club FOSC G17 white,https://system.gotsport.com/org_event/events/43740/schedules?team=3218841
Girls U9 Division 8,Campbell Soccer Club (CSC) CSC U9G Highland United,https://system.gotsport.com/org_event/events/43740/schedules?team=3213390
Girls U9 Division 8,Kolping SC Kolping SC G17/18 White,https://system.gotsport.com/org_event/events/43740/schedules?team=3217622
Girls U10 Division 1/2,Lakota Futbol Club Lakota FC G16 Red,https://system.gotsport.com/org_event/events/43740/schedules?team=3220523
Girls U10 Division 1/2,Cincy SC Cincy SC G16 Premier,https://system.gotsport.com/org_event/events/43740/schedules?team=3223123
Girls U10 Division 1/2,Cincinnati United CUSE 16G Arsenal,https://system.gotsport.com/org_event/events/43740/schedules?team=3224415
Girls U10 Division 1/2,Cincinnati United CULM 16G Atletico,https://system.gotsport.com/org_event/events/43740/schedules?team=3223048
Girls U10 Division 1/2,Fairfield Optimist Soccer Club FOSC G16 Red,https://system.gotsport.com/org_event/events/43740/schedules?team=3218744
Girls U10 Division 1/2,Total Futbol Academy(OH) TFA G16 Premier,https://system.gotsport.com/org_event/events/43740/schedules?team=3204271
Girls U10 Division 3,Fusion FC NKY Fusion FC G16 Green,https://system.gotsport.com/org_event/events/43740/schedules?team=3253350
Girls U10 Division 3,Impact GFC Impact GFC G16 Blue,https://system.gotsport.com/org_event/events/43740/schedules?team=3216436
Girls U10 Division 3,Cincinnati United CUSE 16G Barcelona,https://system.gotsport.com/org_event/events/43740/schedules?team=3224422
Girls U10 Division 3,Eclipse FC Eclipse East FC G16 Black,https://system.gotsport.com/org_event/events/43740/schedules?team=3172358
Girls U10 Division 3,Lakota Futbol Club Lakota FC G16 Gray,https://system.gotsport.com/org_event/events/43740/schedules?team=3220526
Girls U10 Division 3,FC Storm FC Storm G16 Loveland Orange,https://system.gotsport.com/org_event/events/43740/schedules?team=3162586
Girls U10 Division 3,Ohio United FC Ohio United FC G16 Academy,https://system.gotsport.com/org_event/events/43740/schedules?team=3225912
Girls U10 Division 4,Mercury Mercury G16 North 2,https://system.gotsport.com/org_event/events/43740/schedules?team=3231920
Girls U10 Division 4,FC Storm FC Storm G16 IH Orange,https://system.gotsport.com/org_event/events/43740/schedules?team=3162605
Girls U10 Division 4,Cincy SC Cincy SC G16 Elite,https://system.gotsport.com/org_event/events/43740/schedules?team=3223120
Girls U10 Division 4,Cincinnati United CUSE 16G Chelsea,https://system.gotsport.com/org_event/events/43740/schedules?team=3224426
Girls U10 Division 4,Independence SC ISC G16 Thunder,https://system.gotsport.com/org_event/events/43740/schedules?team=3215972
Girls U10 Division 4,Cincinnati West CWSC G16 Academy Red,https://system.gotsport.com/org_event/events/43740/schedules?team=3162337
Girls U10 Division 5,Kolping SC Kolping SC G16 Orange,https://system.gotsport.com/org_event/events/43740/schedules?team=3217632
Girls U10 Division 5,Waynesville FC Waynesville FC G2016,https://system.gotsport.com/org_event/events/43740/schedules?team=3219836
Girls U10 Division 5,Little Miami FC Little Miami FC 2016 Girls,https://system.gotsport.com/org_event/events/43740/schedules?team=3200740
Girls U10 Division 5,NWC Alliance Soccer Club NWC Alliance 16/17 (U9) Girls Elite,https://system.gotsport.com/org_event/events/43740/schedules?team=3200338
Girls U10 Division 5,Cincinnati United CUSM 16G Bordeaux,https://system.gotsport.com/org_event/events/43740/schedules?team=3222968
Girls U10 Division 5,Cincinnati United CUSE 16G Dortmund,https://system.gotsport.com/org_event/events/43740/schedules?team=3224428
Girls U10 Division 5,Monroe Premier FC Monroe Premier FC 2016G,https://system.gotsport.com/org_event/events/43740/schedules?team=3140543
Girls U10 Division 5,Fairfield Optimist Soccer Club FOSC Lebanon Warriors Premier G2016 Maroon,https://system.gotsport.com/org_event/events/43740/schedules?team=3223339
Girls U10 Division 5,Cincy SC Cincy SC G16 Navy,https://system.gotsport.com/org_event/events/43740/schedules?team=3223117
Girls U10 Division 5,FC Dayton FC Dayton G16 Elite,https://system.gotsport.com/org_event/events/43740/schedules?team=3195920
Girls U10 Division 5,FC Storm FC Storm G16 Loveland White,https://system.gotsport.com/org_event/events/43740/schedules?team=3162594
Girls U10 Division 6,Total Futbol Academy(OH) TFA G16 Gold,https://system.gotsport.com/org_event/events/43740/schedules?team=3200936
Girls U10 Division 6,Cincinnati United CULM 16G Bilbao,https://system.gotsport.com/org_event/events/43740/schedules?team=3223108
Girls U10 Division 6,Cincy SC Cincy SC G16 Orange,https://system.gotsport.com/org_event/events/43740/schedules?team=3223110
Girls U10 Division 6,Lawrenceburg Greendale Soccer Club LGSC G16/17 Thunder,https://system.gotsport.com/org_event/events/43740/schedules?team=3143497
Girls U10 Division 6,Cincinnati United CUSE 16G Everton,https://system.gotsport.com/org_event/events/43740/schedules?team=3224430
Girls U10 Division 6,Lakota Futbol Club Lakota FC G16 White,https://system.gotsport.com/org_event/events/43740/schedules?team=3195290
Girls U10 Division 6,Kings Hammer Soccer Club KHPA CINCY G16-1,https://system.gotsport.com/org_event/events/43740/schedules?team=3183996
Girls U10 Division 6,Fairfield Optimist Soccer Club FOSC G16 White,https://system.gotsport.com/org_event/events/43740/schedules?team=3218781
Girls U10 Division 7/8,On Goal Passion FC Passion FC 2016G Gray,https://system.gotsport.com/org_event/events/43740/schedules?team=3187043
Girls U10 Division 7/8,Fusion FC NKY Fusion FC G16 White,https://system.gotsport.com/org_event/events/43740/schedules?team=3253374
Girls U10 Division 7/8,Cincy SC Cincy SC G16 White,https://system.gotsport.com/org_event/events/43740/schedules?team=3223109
Girls U10 Division 7/8,NWC Alliance Soccer Club NWC Alliance 16/17 (U9) Girls Premier,https://system.gotsport.com/org_event/events/43740/schedules?team=3200429
Girls U10 Division 7/8,Independence SC ISC G16 Roaring Thunder,https://system.gotsport.com/org_event/events/43740/schedules?team=3202008
Girls U10 Division 7/8,Edgewood Premier FC Edgewood Premier FC G16,https://system.gotsport.com/org_event/events/43740/schedules?team=3223724
Girls U10 Division 7/8,Kings Hammer Soccer Club KHPA NKY G16-1,https://system.gotsport.com/org_event/events/43740/schedules?team=3186405
Girls U10 Division 9,Pleasant Ridge Football Club Pleasant Ridge Football Club G2016,https://system.gotsport.com/org_event/events/43740/schedules?team=3187833
Girls U10 Division 9,Fusion FC NKY Fusion FC G16 Black,https://system.gotsport.com/org_event/events/43740/schedules?team=3222948
Girls U10 Division 9,Cincinnati United CU Northwest 16/17G Atalanta,https://system.gotsport.com/org_event/events/43740/schedules?team=3229137
Girls U10 Division 9,Kolping SC Kolping SC G16 Black,https://system.gotsport.com/org_event/events/43740/schedules?team=3217652
Girls U10 Division 9,Independence SC ISC G16 Sporting Jaguars,https://system.gotsport.com/org_event/events/43740/schedules?team=3197373
Girls U10 Division 9,Fairfield Optimist Soccer Club FOSC Lebanon Warriors Premier G2016 White,https://system.gotsport.com/org_event/events/43740/schedules?team=3223347
Girls U10 Division 9,FC Storm FC Storm G16 Loveland Black,https://system.gotsport.com/org_event/events/43740/schedules?team=3162601
Girls U10 Division 10,Campbell Soccer Club (CSC) CSC U10G Noll,https://system.gotsport.com/org_event/events/43740/schedules?team=3213296
Girls U10 Division 10,Oak Hills Youth Athletics Oak Hills Premier Girls 2016,https://system.gotsport.com/org_event/events/43740/schedules?team=3222753
Girls U10 Division 10,LSO United LSO United G16,https://system.gotsport.com/org_event/events/43740/schedules?team=3107045
Girls U10 Division 10,Elevate FC Elevate FC GU10 2016,https://system.gotsport.com/org_event/events/43740/schedules?team=3253543
Girls U10 Division 10,Impact GFC Impact GFC G16 White,https://system.gotsport.com/org_event/events/43740/schedules?team=3216443
Girls U10 Division 10,Oxford United FC(OH) Oxford United G2016,https://system.gotsport.com/org_event/events/43740/schedules?team=3183916
Girls U10 Division 10,Madeira FC Madeira FC G2016 Orange,https://system.gotsport.com/org_event/events/43740/schedules?team=3171059
Girls U11 Division 2,Eclipse FC Eclipse FC Elite,https://system.gotsport.com/org_event/events/43740/schedules?team=3158043
Girls U11 Division 2,Cincy SC Cincy SC G15 Elite,https://system.gotsport.com/org_event/events/43740/schedules?team=3223383
Girls U11 Division 2,Kings Hammer Soccer Club KHPA CINCY G15-1,https://system.gotsport.com/org_event/events/43740/schedules?team=3183474
Girls U11 Division 2,Independence SC ISC G15 Jaguars FC,https://system.gotsport.com/org_event/events/43740/schedules?team=3197340
Girls U11 Division 2,Fairfield Optimist Soccer Club FOSC G15 Premier,https://system.gotsport.com/org_event/events/43740/schedules?team=3218731
Girls U11 Division 3,Lawrenceburg Greendale Soccer Club LGSC G15 Lightning,https://system.gotsport.com/org_event/events/43740/schedules?team=3105199
Girls U11 Division 3,STAR Rush Cincinnati STAR Rush G2015 Blue,https://system.gotsport.com/org_event/events/43740/schedules?team=3220130
Girls U11 Division 3,Total Futbol Academy(OH) TFA G15 Premier,https://system.gotsport.com/org_event/events/43740/schedules?team=3228865
Girls U11 Division 3,Eclipse FC Eclipse East FC Strikers,https://system.gotsport.com/org_event/events/43740/schedules?team=3168750
Girls U11 Division 3,Northwest Cincy Soccer Coalition Northwest Cincy SC G15 Fire,https://system.gotsport.com/org_event/events/43740/schedules?team=3225600
Girls U11 Division 3,Mercury SJB Premier G15 Blue Jays,https://system.gotsport.com/org_event/events/43740/schedules?team=3182350
Girls U11 Division 3,Kings Hammer Soccer Club KHPA NKY G15-1,https://system.gotsport.com/org_event/events/43740/schedules?team=3179644
Girls U11 Division 3,Cincy SC Cincy SC G15 Navy,https://system.gotsport.com/org_event/events/43740/schedules?team=3223388
Girls U11 Division 3,NWC Alliance Soccer Club NWC Alliance 15/16 (U10) Girls Elite,https://system.gotsport.com/org_event/events/43740/schedules?team=3200521
Girls U11 Division 4,Waynesville FC Waynesville FC G2015,https://system.gotsport.com/org_event/events/43740/schedules?team=3220377
Girls U11 Division 4,Ohio United FC Ohio United FC G15 Chaos,https://system.gotsport.com/org_event/events/43740/schedules?team=3225928
Girls U11 Division 4,Lakota Futbol Club Lakota FC G15 White,https://system.gotsport.com/org_event/events/43740/schedules?team=3216398
Girls U11 Division 4,Cincinnati United CU North 15G Elite 1,https://system.gotsport.com/org_event/events/43740/schedules?team=3223103
Girls U11 Division 4,FC Storm FC Storm G15 Orange,https://system.gotsport.com/org_event/events/43740/schedules?team=3162670
Girls U11 Division 4,Impact GFC Impact GFC G15 Blue,https://system.gotsport.com/org_event/events/43740/schedules?team=3216432
Girls U11 Division 5,Cincinnati United CUSE 15G Arsenal,https://system.gotsport.com/org_event/events/43740/schedules?team=3224432
Girls U11 Division 5,Fusion FC NKY Fusion FC G15 Black,https://system.gotsport.com/org_event/events/43740/schedules?team=3220410
Girls U11 Division 5,Eclipse FC Eclipse FC Tornadoes,https://system.gotsport.com/org_event/events/43740/schedules?team=3158142
Girls U11 Division 5,Cincy SC Cincy SC G15 Orange,https://system.gotsport.com/org_event/events/43740/schedules?team=3223391
Girls U11 Division 5,Madeira FC Madeira FC G2015 Orange,https://system.gotsport.com/org_event/events/43740/schedules?team=3222131
Girls U11 Division 6,Independence SC ISC G15 Green Dragons,https://system.gotsport.com/org_event/events/43740/schedules?team=3204345
Girls U11 Division 6,Alliance Cincinnati SC ACSC G2015/2016 Academy,https://system.gotsport.com/org_event/events/43740/schedules?team=3232302
Girls U11 Division 6,Eclipse FC Eclipse FC Mayhem,https://system.gotsport.com/org_event/events/43740/schedules?team=3157482
Girls U11 Division 6,Cincinnati West CWSC G15 Academy Red,https://system.gotsport.com/org_event/events/43740/schedules?team=3254422
Girls U11 Division 6,Impact GFC Impact GFC G15 Cheetahs,https://system.gotsport.com/org_event/events/43740/schedules?team=3218310
Girls U11 Division 6,FC Storm FC Storm G15 White,https://system.gotsport.com/org_event/events/43740/schedules?team=3162674
Girls U11 Division 6,Cincinnati United CUSE 15G Barcelona,https://system.gotsport.com/org_event/events/43740/schedules?team=3224435
Girls U11 Division 6,Cincinnati United CU North 15G Puma One,https://system.gotsport.com/org_event/events/43740/schedules?team=3222935
Girls U11 Division 7,Kings Hammer Soccer Club KHPA CINCY G15-A,https://system.gotsport.com/org_event/events/43740/schedules?team=3186420
Girls U11 Division 7,On Goal Passion FC Passion FC 2015G Gray,https://system.gotsport.com/org_event/events/43740/schedules?team=3186962
Girls U11 Division 7,Lawrenceburg Greendale Soccer Club LGSC G15/16 Thunder,https://system.gotsport.com/org_event/events/43740/schedules?team=3151438
Girls U11 Division 7,Cincinnati Elite FC Cincinnati Elite FC G15 Gold,https://system.gotsport.com/org_event/events/43740/schedules?team=3219204
Girls U11 Division 7,Oxford United FC(OH) Oxford United G2015,https://system.gotsport.com/org_event/events/43740/schedules?team=3183909
Girls U11 Division 7,Fairfield Optimist Soccer Club FOSC G15 Black,https://system.gotsport.com/org_event/events/43740/schedules?team=3222307
Girls U11 Division 8,Campbell Soccer Club (CSC) CSC U11G Barnes,https://system.gotsport.com/org_event/events/43740/schedules?team=3213303
Girls U11 Division 8,Clinton Massie SAY Premier Clinton Massie Premier G15,https://system.gotsport.com/org_event/events/43740/schedules?team=3069147
Girls U11 Division 8,NWC Alliance Soccer Club NWC Alliance 15/16 (U10) Girls Premier,https://system.gotsport.com/org_event/events/43740/schedules?team=3200530
Girls U11 Division 8,Independence SC ISC G15 Gold,https://system.gotsport.com/org_event/events/43740/schedules?team=3202017
Girls U11 Division 8,STAR Rush Cincinnati STAR Rush G2015 White,https://system.gotsport.com/org_event/events/43740/schedules?team=3220197
Girls U11 Division 9,Independence SC ISC G16 Dragons,https://system.gotsport.com/org_event/events/43740/schedules?team=3196601
Girls U11 Division 9,Mercury Mercury G15 West,https://system.gotsport.com/org_event/events/43740/schedules?team=3221338
Girls U11 Division 9,Campbell Soccer Club (CSC) CSC U11G Fort United,https://system.gotsport.com/org_event/events/43740/schedules?team=3213355
Girls U11 Division 9,Mercury Mercury Premier G16 White,https://system.gotsport.com/org_event/events/43740/schedules?team=3224699
Girls U11 Division 9,Madeira FC Madeira FC G2015 Blue,https://system.gotsport.com/org_event/events/43740/schedules?team=3183122
Girls U11 Division 9,Oak Hills Youth Athletics Oak Hills Premier Girls 2015 Red,https://system.gotsport.com/org_event/events/43740/schedules?team=3222749
Girls U11 Division 9,Monroe Premier FC Monroe Premier FC 2015G Avalanche,https://system.gotsport.com/org_event/events/43740/schedules?team=3123384
Girls U12 Division 1/2,Eclipse FC Eclipse East FC Hurricanes,https://system.gotsport.com/org_event/events/43740/schedules?team=3176530
Girls U12 Division 1/2,Alliance Cincinnati SC ACSC G2014 Gold Academy,https://system.gotsport.com/org_event/events/43740/schedules?team=3234913
Girls U12 Division 1/2,Madeira FC Madeira FC G2014 Orange,https://system.gotsport.com/org_event/events/43740/schedules?team=3171000
Girls U12 Division 1/2,Eclipse FC Eclipse FC Thundercats,https://system.gotsport.com/org_event/events/43740/schedules?team=3158017
Girls U12 Division 1/2,Northwest Cincy Soccer Coalition Northwest Cincy SC G14 Starz,https://system.gotsport.com/org_event/events/43740/schedules?team=3225474
Girls U12 Division 1/2,Independence SC ISC G14 Rising Fury,https://system.gotsport.com/org_event/events/43740/schedules?team=3204455
Girls U12 Division 1/2,Kings Hammer Soccer Club KHPA NKY G14-1,https://system.gotsport.com/org_event/events/43740/schedules?team=3186370
Girls U12 Division 1/2,Lawrenceburg Greendale Soccer Club LGSC G14 United Premier,https://system.gotsport.com/org_event/events/43740/schedules?team=3135588
Girls U12 Division 1/2,Tempest FC TempesT FC Thunder,https://system.gotsport.com/org_event/events/43740/schedules?team=3199782
Girls U12 Division 3,Cincy SC Cincy SC G14 Navy,https://system.gotsport.com/org_event/events/43740/schedules?team=3223348
Girls U12 Division 3,Lawrenceburg Greendale Soccer Club LGSC G14 Prowl,https://system.gotsport.com/org_event/events/43740/schedules?team=3151531
Girls U12 Division 3,FC Storm FC Storm G14 Orange,https://system.gotsport.com/org_event/events/43740/schedules?team=3162706
Girls U12 Division 3,Mercury Mercury Jackets 2014/2015,https://system.gotsport.com/org_event/events/43740/schedules?team=3193406
Girls U12 Division 3,Independence SC ISC G14 Gators,https://system.gotsport.com/org_event/events/43740/schedules?team=3201159
Girls U12 Division 3,Cincinnati Elite FC Cincinnati Elite FC G14 Elite,https://system.gotsport.com/org_event/events/43740/schedules?team=3219193
Girls U12 Division 3,Monroe Premier FC Monroe Premier FC 2014G,https://system.gotsport.com/org_event/events/43740/schedules?team=3202823
Girls U12 Division 3,Cincinnati United CU North 14G Puma One,https://system.gotsport.com/org_event/events/43740/schedules?team=3223035
Girls U12 Division 4,Kolping SC Kolping SC G14 Orange,https://system.gotsport.com/org_event/events/43740/schedules?team=3217656
Girls U12 Division 4,On Goal Passion FC Passion FC 2014G Gray,https://system.gotsport.com/org_event/events/43740/schedules?team=3189072
Girls U12 Division 4,Fairfield Optimist Soccer Club FOSC Lebanon Warriors Premier G2014 Maroon,https://system.gotsport.com/org_event/events/43740/schedules?team=3223332
Girls U12 Division 4,Lakota Futbol Club Lakota FC G14 Red,https://system.gotsport.com/org_event/events/43740/schedules?team=3262777
Girls U12 Division 4,Fusion FC NKY Fusion FC G14 Black,https://system.gotsport.com/org_event/events/43740/schedules?team=3220441
Girls U12 Division 4,Impact GFC Impact GFC G14 Blue,https://system.gotsport.com/org_event/events/43740/schedules?team=3216417
Girls U12 Division 4,Cincy SC Cincy SC G14 Orange,https://system.gotsport.com/org_event/events/43740/schedules?team=3223358
Girls U12 Division 4,Kings Hammer Soccer Club KHPA NKY G14-2,https://system.gotsport.com/org_event/events/43740/schedules?team=3186376
Girls U12 Division 4,Independence SC ISC G14 Green Geckos,https://system.gotsport.com/org_event/events/43740/schedules?team=3196715
Girls U12 Division 4,Cincinnati United CUSE 14G Elite,https://system.gotsport.com/org_event/events/43740/schedules?team=3224370
Girls U12 Division 5,Independence SC ISC G14 Rebels,https://system.gotsport.com/org_event/events/43740/schedules?team=3219656
Girls U12 Division 5,Campbell Soccer Club (CSC) CSC U12G Duke Red Pandas,https://system.gotsport.com/org_event/events/43740/schedules?team=3213328
Girls U12 Division 5,FC Storm FC Storm G14 White,https://system.gotsport.com/org_event/events/43740/schedules?team=3162711
Girls U12 Division 5,Mercury Mercury Premier 2014 Girls Navy,https://system.gotsport.com/org_event/events/43740/schedules?team=3224692
Girls U12 Division 5,Impact GFC Impact GFC G14 Crush,https://system.gotsport.com/org_event/events/43740/schedules?team=3218480
Girls U12 Division 5,Kings Hammer Soccer Club KHPA CINCY G14-A,https://system.gotsport.com/org_event/events/43740/schedules?team=3183257
Girls U12 Division 5,Ohio United FC Ohio United FC G14 Academy,https://system.gotsport.com/org_event/events/43740/schedules?team=3225905
Girls U12 Division 6,Taylor Creek Youth Organization TCFC Hotshots G2014,https://system.gotsport.com/org_event/events/43740/schedules?team=3174294
Girls U12 Division 6,Fairfield Optimist Soccer Club FOSC G14 Premier,https://system.gotsport.com/org_event/events/43740/schedules?team=3218688
Girls U12 Division 6,LSO United LSO United G14,https://system.gotsport.com/org_event/events/43740/schedules?team=3199850
Girls U12 Division 6,Fusion FC NKY Fusion FC G14 White,https://system.gotsport.com/org_event/events/43740/schedules?team=3220500
Girls U12 Division 6,Kings Hammer Soccer Club KHPA NKY G14-3,https://system.gotsport.com/org_event/events/43740/schedules?team=3179557
Girls U12 Division 6,Fairfield Optimist Soccer Club FOSC Lebanon Warriors Premier G2014 White,https://system.gotsport.com/org_event/events/43740/schedules?team=3223335
Girls U12 Division 7,NWC Alliance Soccer Club NWC Alliance 2014 (U12) Girls Premier,https://system.gotsport.com/org_event/events/43740/schedules?team=3200575
Girls U12 Division 7,Eclipse FC Eclipse East Havok Green,https://system.gotsport.com/org_event/events/43740/schedules?team=3181219
Girls U12 Division 7,Little Miami FC Little Miami FC 2014 Girls Green,https://system.gotsport.com/org_event/events/43740/schedules?team=3200700
Girls U12 Division 7,Oxford United FC(OH) Oxford United G2014,https://system.gotsport.com/org_event/events/43740/schedules?team=3183904
Girls U12 Division 7,Campbell Soccer Club (CSC) CSC U12G Ripberger,https://system.gotsport.com/org_event/events/43740/schedules?team=3213364
Girls U12 Division 7,Taylor Creek Youth Organization TCFC Galaxy G2014,https://system.gotsport.com/org_event/events/43740/schedules?team=3174302
Girls U12 Division 7,Fairfield Optimist Soccer Club FOSC Lebanon Warriors Premier G2014 Black,https://system.gotsport.com/org_event/events/43740/schedules?team=3223337
Girls U12 Division 7,Kolping SC Kolping Sc G14 Black,https://system.gotsport.com/org_event/events/43740/schedules?team=3217667
Girls U13 Division 1,Cincinnati West CWSC G13 Academy Red,https://system.gotsport.com/org_event/events/43740/schedules?team=3243993
Girls U13 Division 1,Campbell Soccer Club (CSC) CSC U13G Fury Hildebrand,https://system.gotsport.com/org_event/events/43740/schedules?team=3213376
Girls U13 Division 1,Independence SC ISC G14 United Blue,https://system.gotsport.com/org_event/events/43740/schedules?team=3216023
Girls U13 Division 1,Fusion FC NKY Fusion FC G13 White,https://system.gotsport.com/org_event/events/43740/schedules?team=3220465
Girls U13 Division 1,Cincy SC Cincy SC G13 Navy,https://system.gotsport.com/org_event/events/43740/schedules?team=3223133
Girls U13 Division 1,STAR Rush Cincinnati STAR Rush G2013 Blue,https://system.gotsport.com/org_event/events/43740/schedules?team=3220222
Girls U13 Division 1,Cincinnati United CUSE 13G Elite,https://system.gotsport.com/org_event/events/43740/schedules?team=3224341
Girls U13 Division 1,Monroe Premier FC Monroe Premier FC 2013G Chaos,https://system.gotsport.com/org_event/events/43740/schedules?team=3107984
Girls U13 Division 3/4,Campbell Soccer Club (CSC) CSC U13G Clark,https://system.gotsport.com/org_event/events/43740/schedules?team=3213370
Girls U13 Division 3/4,On Goal Passion FC Passion FC 2013G Gray,https://system.gotsport.com/org_event/events/43740/schedules?team=3189049
Girls U13 Division 3/4,Cincinnati United CU North 13G Elite 1,https://system.gotsport.com/org_event/events/43740/schedules?team=3223150
Girls U13 Division 3/4,Cincy SC Cincy SC G13 Orange,https://system.gotsport.com/org_event/events/43740/schedules?team=3223132
Girls U13 Division 3/4,Fairfield Optimist Soccer Club FOSC G13 Premier,https://system.gotsport.com/org_event/events/43740/schedules?team=3218665
Girls U13 Division 3/4,Cincinnati United CUSE 13G Arsenal,https://system.gotsport.com/org_event/events/43740/schedules?team=3224352
Girls U13 Division 5,Cincinnati Elite FC Cincinnati Elite FC G13 Gold,https://system.gotsport.com/org_event/events/43740/schedules?team=3219174
Girls U13 Division 5,Northwest Cincy Soccer Coalition Northwest Cincy SC G13 Phoenix,https://system.gotsport.com/org_event/events/43740/schedules?team=3230366
Girls U13 Division 5,Mercury Mercury G13 West 1,https://system.gotsport.com/org_event/events/43740/schedules?team=3218695
Girls U13 Division 5,Cincinnati West CWSC G13 United Red,https://system.gotsport.com/org_event/events/43740/schedules?team=3244008
Girls U13 Division 5,Kings Hammer Soccer Club KHA CINCY G13-A,https://system.gotsport.com/org_event/events/43740/schedules?team=3223918
Girls U13 Division 5,Ohio United FC Ohio United FC G13 Ignite,https://system.gotsport.com/org_event/events/43740/schedules?team=3225944
Girls U13 Division 6,Pleasant Ridge Football Club Pleasant Ridge Football Club G2013,https://system.gotsport.com/org_event/events/43740/schedules?team=3187811
Girls U13 Division 6,Lawrenceburg Greendale Soccer Club LGSC G13 Tiger Pride,https://system.gotsport.com/org_event/events/43740/schedules?team=3167601
Girls U13 Division 6,LSO United LSO United G13,https://system.gotsport.com/org_event/events/43740/schedules?team=3223129
Girls U13 Division 6,Campbell Soccer Club (CSC) CSC U13G Kremer,https://system.gotsport.com/org_event/events/43740/schedules?team=3213384
Girls U13 Division 6,FC Storm FC Storm G13 White,https://system.gotsport.com/org_event/events/43740/schedules?team=3162721
Girls U14 Division 1/2,STAR Rush Cincinnati STAR Rush G2012 Blue,https://system.gotsport.com/org_event/events/43740/schedules?team=3330198
Girls U14 Division 1/2,Clinton Massie SAY Premier Clinton Massie Premier G12,https://system.gotsport.com/org_event/events/43740/schedules?team=3061129
Girls U14 Division 1/2,Independence SC ISC G12 Cobras,https://system.gotsport.com/org_event/events/43740/schedules?team=3222955
Girls U14 Division 1/2,Mercury Mercury Premier 2012 Girls White,https://system.gotsport.com/org_event/events/43740/schedules?team=3224677
Girls U14 Division 1/2,Cincy SC Cincy SC G12 Navy,https://system.gotsport.com/org_event/events/43740/schedules?team=3223342
Girls U14 Division 1/2,Eclipse FC Eclipse East FC Blast White,https://system.gotsport.com/org_event/events/43740/schedules?team=3189881
Girls U14 Division 1/2,LSO United LSO United G12,https://system.gotsport.com/org_event/events/43740/schedules?team=3101520
Girls U14 Division 3,Eclipse FC Eclipse FC Thunder,https://system.gotsport.com/org_event/events/43740/schedules?team=3165226
Girls U14 Division 3,Kolping SC Kolping SC G12 Black,https://system.gotsport.com/org_event/events/43740/schedules?team=3217698
Girls U14 Division 3,Little Miami FC Little Miami FC 2012/2013 Girls,https://system.gotsport.com/org_event/events/43740/schedules?team=3200684
Girls U14 Division 3,Fusion FC NKY Fusion FC G12 White,https://system.gotsport.com/org_event/events/43740/schedules?team=3220481
Girls U14 Division 3,Cincinnati United CUSE 12G Barcelona,https://system.gotsport.com/org_event/events/43740/schedules?team=3224382
Girls U14 Division 3,Monroe Premier FC Monroe Premier FC 2012 Girls,https://system.gotsport.com/org_event/events/43740/schedules?team=3262556
Girls U14 Division 3,Inner Cincinnati SA Inner Cincinnati G14,https://system.gotsport.com/org_event/events/43740/schedules?team=3342001
Girls U14 Division 3,Franklin Youth Soccer Association Franklin Premier FC U14 Girls,https://system.gotsport.com/org_event/events/43740/schedules?team=3188274
Girls High School,Kolping SC Kolping SC HSA Black,https://system.gotsport.com/org_event/events/43740/schedules?team=3217756
Girls High School,Kolping SC Kolping SC HSA Orange,https://system.gotsport.com/org_event/events/43740/schedules?team=3217763
Girls High School,Campbell Soccer Club (CSC) CSC U16G Bush,https://system.gotsport.com/org_event/events/43740/schedules?team=3213414
Girls High School,Independence SC ISC Girls HS,https://system.gotsport.com/org_event/events/43740/schedules?team=3244751
Girls High School,Tempest FC Tempest Blue Devils,https://system.gotsport.com/org_event/events/43740/schedules?team=3482675
